{
    "kenbot": "kenbot was created in mid too early 2025 he's is very unintelligent\r\nhowever he is loved nonetheless\r\n\r\nlore: in the ybkk yore he was made in 2000 and was supposed to marry the ybkk in 2019 however ybkk forgot the wedding and they broke up they later got remarried and had a child (ybbot) and that is all that is known (for now)\r\n\r\nGENDER: ??? (computer) is perceived to be male\r\nage: irl: 1   ybkk lore:24\r\nfamily: ybbot (son) ybkk(husband) ybkksune miku(sister) ybkksane teto(sister) ybmm(sister in law) ybtb(brother in law) ken ken(father)  ????(father in law)\r\nrelationship: married to ybkk\r\nchildren: 1 (ybbot)\r\nage: 25\r\nbirthday: june 8th 2000\r\n\r\nQuote from kenbot: \"u stupid bitch\"",
    "ybkk": "ybkk was made on dec 29 2024\r\n\r\nlore: ybkk forgot the wedding and was lonely but got married and lived a happy live (for now >:) )\r\n\r\ngender: male\r\nfamily: kenbot(husband) ybbot(son) ybmm(sister) ybtb(brother) ybksune miku(sister in law) ybkksane teto(brother in law) ken ken(father in law) ????(father)\r\nrelationship: married to kenbot\r\nage: )@&@@_#&&@(@^@^%%@*@?!\r\nbirthday: may 30th @)!@\r\nchildren: ybbot\r\n\r\n\r\nquote from ybkk: \"like a yoga ball\"",
    "ken ken": "it ken ken :)\r\n\r\nfamily: sarha, gina, gloria, paul\r\nage:13\r\nbirthday: may 30th 2012\r\ngender: male\r\n\r\n\r\nquote from ken ken: (llab agoy)",
    "evil ken ken": "evil ass ken ken i fucking hate this guy",
    "nexus": ">:(",
    "ybbot": "is ybbot everyone loves ybbot\r\nfamily: ybbk(father) kenbot(father) ybkksune miku(aunt) ybkksane teto(aunt) ybmm(aunt) ybtb(uncle) ken ken(grandfather) ????(grandfather)   \r\nrelationships: none (you freak)\r\nage: 4\r\nbirthday: sep. 15 2021\r\n\r\n\r\nquote from ybbot: \"ur data is super tasty\" ",
    "ybkksune miku": "uhhhhh Hatsune miku ybkk !1!!!1111!!!!",
    "ybkksane teto": "uhh Teto ybkk ig",
    "ybtb": "i see you belonus you cant hide i WILL find you",
    "ybmm": "mrs mccarrot",
    "?????": "\u02d9\u00b4 \u02d9\u00e5\u00df \u2202\u00b4\u00df\u2020\u00ae\u00f8\u00a5\u00b4\u2202 \u00b4\u221a\u00b4\u00ae\u00a5\u2020\u02d9\u02c6\u02dc\u00a9 \u02c6 \u02d9\u00e5\u2020\u00b4 \u02d9\u02c6\u00b5 \r\n\u02d9\u00b4 \u02c6\u00df \u00e5\u00ac\u00ac\u00ac\r\n\u02d9\u00b4 \u02c6\u00df \u02dc\u00f8\u02dc\u00b4\r\n\u02d9\u00b4 \u02c6\u00df \u02d9\u00f8\u2020\r\n\u02d9\u00b4 \u02c6\u00df \u00e7\u00f8\u00ac\u2202\r\n\u02d9\u00b4 \u02c6\u00df \u222b\u00ac\u00e5\u00e7\u02da \r\n\u02d9\u00b4 \u02c6\u00df \u2211\u02d9\u02c6\u2020\u00b4\r\n\u02d9\u00b4 \u02c6\u00df \u00ae\u00b4\u00e5\u00ac\r\n\u02d9\u00b4 \u02c6\u00df \u0192\u00e5\u02da\u00b4",
    "mr belonus": "i will find you\r\nyou cant run belonus",
    "i did it": "i saved the town\r\nenvernixy love pay gorn\r\n",
    "dialtone": "[[hahaha] IM BA-A-ACK HAHAHHAHAHAHHA\r\n\r\nYOU CAN [[speed]] BUT Y0U CANT [[hide-and-seek]]\r\n\r\n\r\nquote from [[dial.tone]] : \"I-I-I [[i did it, i saved the town]]",
    "yoggus balli": "yoggus balli are defined by their\r\nyoga ball like bodies, they are native to proxima centauri b, we do not yet know how they got to earth\r\n, ybkk,ybmm,and ybbt are yoggus balli."
}